country,conflict,historic_pop,predicted_shares
El Salvador,Honduras,6486201,0.1906922627590925
Guatemala,Honduras,16858333,0.41042876003621176
Nicaragua,Honduras,6624554,0.022406938543168137
