country,pct_tot,predicted_shares
Hungary,0.09422212831593929,0.2072003753465751
Moldova,0.0936817785041522,0.247615958491442
Poland,0.5864099107198453,0.40066579698611404
Romania,0.1545608019472183,0.35950002462588077
Slovakia,0.07112538051284491,0.3476618490333928
