"","total_people","percent_total"
"Russia",3479493.6170053,0.825380781771567
"Poland",332209.018241236,0.0788042656113596
"Moldova",188926.468210687,0.0448157959730037
"Belarus",152869.173329083,0.0362625403807257
"Romania",24550.1849723139,0.00582362064584703
"Slovakia",19352.3755952871,0.00459063319441368
"Hungary",18221.4473533301,0.00432236242308306
