"","total_people","percent_total"
"Slovakia",130444372.475371,0.273436827598514
"Poland",98593901.3282216,0.20667203259259
"Hungary",96873310.2370292,0.203065338331718
"Russia",73292076.3927564,0.153634476341454
"Romania",55640597.2704131,0.116633535924908
"Belarus",29109583.8470753,0.0610193610411217
"Moldova",-6898963.38755677,-0.0144615718303064
