"","total_people","percent_total"
"Russia",26807.395610242,0.878574027688054
"Belarus",801.24056725864,0.0262595129552434
"Hungary",710.627728996336,0.0232898068551125
"Romania",663.358158212414,0.021740614319048
"Slovakia",626.784489533406,0.0205419646678163
"Moldova",495.064900811621,0.0162250436482862
"Poland",407.921087193833,0.0133690298664392
